id,label,degree,degree_centrality,betweenness_centrality,community
John Page,John Page,10,0.008984725965858042,4.0398947688210616e-07,14
Kirk Blouin,Kirk Blouin,10,0.008984725965858042,4.0398947688210616e-07,14
Mr. Fried,Mr. Fried,10,0.008984725965858042,4.0398947688210616e-07,14
Mr. Randolph,Mr. Randolph,10,0.008984725965858042,4.0398947688210616e-07,14
Ms. Van Buren,Ms. Van Buren,10,0.008984725965858042,4.0398947688210616e-07,14
Ray Royce,Ray Royce,10,0.008984725965858042,4.0398947688210616e-07,14
Rob Walton,Rob Walton,8,0.0071877807726864335,0.0,14
Sgt. Krauel,Sgt. Krauel,10,0.008984725965858042,4.0398947688210616e-07,14
Tim Frank,Tim Frank,10,0.008984725965858042,4.0398947688210616e-07,14
Mr. Walton,Mr. Walton,9,0.008086253369272238,0.0,14
Police Code Enforcement,Police Code Enforcement,9,0.008086253369272238,0.0,14
Anne Boyles,Anne Boyles,2,0.0017969451931716084,0.0,28
Cheryl Kleen,Cheryl Kleen,2,0.0017969451931716084,0.0,28
Kathleen Ruderman,Kathleen Ruderman,2,0.0017969451931716084,0.0,28
Jeffrey Epstein,Jeffrey Epstein,991,0.890386343216532,0.8931676701789023,0
Sultan Ahmed Bin Sulayem,Sultan Ahmed Bin Sulayem,1,0.0008984725965858042,0.0,0
Steven Elkman,Steven Elkman,9,0.008086253369272238,0.0,13
Steven Munro Elkman,Steven Munro Elkman,9,0.008086253369272238,0.0,13
Peggy Siegal,Peggy Siegal,20,0.017969451931716084,0.0022171002087473216,1
David Grosof,David Grosof,1,0.0008984725965858042,0.0,0
Sultan Bin Sulayem,Sultan Bin Sulayem,4,0.0035938903863432167,2.4239368612926367e-06,0
Faith Kate,Faith Kate,1,0.0008984725965858042,0.0,0
Bradley J. Edwards,Bradley J. Edwards,6,0.005390835579514825,0.0,0
Robert D. Critton Jr.,Robert D. Critton Jr.,31,0.027852650494159928,0.00011018334956893002,0
Jacquie Johnson,Jacquie Johnson,6,0.005390835579514825,0.0,0
Jessica Cadwell,Jessica Cadwell,26,0.02336028751123091,4.289633718166363e-05,0
Connie Zaguirre,Connie Zaguirre,6,0.005390835579514825,0.0,0
Jack Goldberger,Jack Goldberger,69,0.06199460916442049,0.0021420714511111313,0
Darren Indyke,Darren Indyke,121,0.10871518418688231,0.01055689391360381,0
Howard Rubenstein,Howard Rubenstein,8,0.0071877807726864335,2.585532652045479e-06,0
Rush George,Rush George,5,0.004492362982929021,0.0,0
George Rush,George Rush,7,0.006289308176100629,1.3196989578148802e-06,0
Michael J. Pike,Michael J. Pike,6,0.005390835579514825,1.373564221399161e-06,0
Mortimer Zuckerman,Mortimer Zuckerman,8,0.0071877807726864335,1.1531013925863547e-05,0
Grant J. Smith,Grant J. Smith,3,0.0026954177897574125,0.0,26
Ken Jenne,Ken Jenne,3,0.0026954177897574125,0.0,26
Robert C. Buschel,Robert C. Buschel,3,0.0026954177897574125,0.0,26
Sam Fields,Sam Fields,3,0.0026954177897574125,0.0,26
Roger Schank,Roger Schank,1,0.0008984725965858042,0.0,0
Peter Mandelson,Peter Mandelson,8,0.0071877807726864335,1.812181367728305e-05,0
Joel,Joel,4,0.0035938903863432167,1.185035798854178e-06,0
Stephen Hanson,Stephen Hanson,4,0.0035938903863432167,1.185035798854178e-06,0
Steve Hanson,Steve Hanson,3,0.0026954177897574125,0.0,0
Brian Baker,Brian Baker,1,0.0008984725965858042,0.0,0
Jes Staley,Jes Staley,5,0.004492362982929021,5.117200040506677e-06,8
PETER MANDELSON,PETER MANDELSON,2,0.0017969451931716084,0.0,8
Boris Nikolic,Boris Nikolic,13,0.011680143755615454,4.322687402638536e-05,4
Joseph Evangelisti,Joseph Evangelisti,2,0.0017969451931716084,0.0,8
Alan Dershowitz,Alan Dershowitz,110,0.09883198562443846,0.006966660924198955,0
Alan M. Dershowitz,Alan M. Dershowitz,34,0.030548068283917342,0.00014120839069964913,0
Barry Krischer,Barry Krischer,22,0.019766397124887692,9.160592553716328e-07,0
H.C. Clark II,H.C. Clark II,22,0.019766397124887692,9.160592553716328e-07,0
Jill,Jill,15,0.013477088948787063,0.0,0
Kenneth Starr,Kenneth Starr,39,0.03504043126684636,0.00014706251748452937,0
Lanna Belohlavek,Lanna Belohlavek,31,0.027852650494159928,6.885871261755998e-05,0
Larry Keller,Larry Keller,22,0.019766397124887692,9.160592553716328e-07,0
Margie,Margie,22,0.019766397124887692,9.160592553716328e-07,0
Martin Weinberg,Martin Weinberg,81,0.07277628032345014,0.0021015187246117097,0
Michael Reiter,Michael Reiter,26,0.02336028751123091,3.769000295498775e-05,0
Mike,Mike,22,0.019766397124887692,9.160592553716328e-07,0
Peter Elwell,Peter Elwell,22,0.019766397124887692,9.160592553716328e-07,0
Rick Lincoln,Rick Lincoln,22,0.019766397124887692,9.160592553716328e-07,0
F.,F.,5,0.004492362982929021,0.0,0
Joyce,Joyce,9,0.008086253369272238,4.3092210867424665e-06,0
Martin Weinbergl,Martin Weinbergl,5,0.004492362982929021,0.0,0
David Kennedy,David Kennedy,21,0.01886792452830189,1.5425052753680417e-07,0
Jill Reiter,Jill Reiter,21,0.01886792452830189,1.5425052753680417e-07,0
Katherine Fernandez Rundle,Katherine Fernandez Rundle,21,0.01886792452830189,1.5425052753680417e-07,0
Palm Beach Post Staff Writer,Palm Beach Post Staff Writer,20,0.017969451931716084,0.0,0
William Kennedy Smith,William Kennedy Smith,21,0.01886792452830189,1.5425052753680417e-07,0
Jessica Cadwel,Jessica Cadwel,6,0.005390835579514825,0.0,0
Armando Fernandez,Armando Fernandez,9,0.008086253369272238,0.0,13
David Gibson,David Gibson,9,0.008086253369272238,0.0,13
Leonard Lebovitch,Leonard Lebovitch,9,0.008086253369272238,0.0,13
Steven Summerlin,Steven Summerlin,9,0.008086253369272238,0.0,13
Tom Pritzker,Tom Pritzker,17,0.015274034141958671,6.205278364909151e-05,13
Barack Obama,Barack Obama,9,0.008086253369272238,0.0,13
Rod Blagojevich,Rod Blagojevich,9,0.008086253369272238,0.0,13
Daniel Siad,Daniel Siad,1,0.0008984725965858042,0.0,0
Lesley Groff,Lesley Groff,79,0.07097933513027853,0.002300980638188429,1
Margaux Rogers,Margaux Rogers,2,0.0017969451931716084,0.0,1
Faith Kates,Faith Kates,11,0.009883198562443846,0.004945454495087023,8
Gmax,Gmax,13,0.011680143755615454,3.7097184608286246e-05,0
Al Seckel,Al Seckel,1,0.0008984725965858042,0.0,0
John Brockman,John Brockman,35,0.031446540880503145,0.00042128022649266057,4
Benjamin Wegg-Prosser,Benjamin Wegg-Prosser,4,0.0035938903863432167,0.0,0
Michael Greenberg,Michael Greenberg,4,0.0035938903863432167,0.0,0
Shlomit Dekel,Shlomit Dekel,4,0.0035938903863432167,0.0,0
Paul Prosperi,Paul Prosperi,3,0.0026954177897574125,0.003493700996076454,29
Martin Weinberg Esq,Martin Weinberg Esq,2,0.0017969451931716084,0.0,1
Brett D. Jaffe,Brett D. Jaffe,14,0.012578616352201259,1.3329309696797916e-05,0
GMAX,GMAX,18,0.016172506738544475,7.902184615665578e-05,0
Mark Cohen,Mark Cohen,14,0.012578616352201259,1.3329309696797916e-05,0
The Duke,The Duke,7,0.006289308176100629,4.847873722585274e-07,0
Annette Witheridge,Annette Witheridge,14,0.012578616352201259,1.3329309696797916e-05,0
Jay Lefkowitz,Jay Lefkowitz,27,0.02425876010781671,0.00015763045623523822,0
NY Max,NY Max,9,0.008086253369272238,1.494761064463793e-06,0
Stephanie,Stephanie,5,0.004492362982929021,0.0003461018207038082,1
R. Couri Hay,R. Couri Hay,1,0.0008984725965858042,0.0,0
Ghislaine Maxwell,Ghislaine Maxwell,30,0.026954177897574125,8.244848095339668e-05,0
Jeffrey,Jeffrey,4,0.0035938903863432167,5.763583203518047e-06,1
Alexandra Wolfe,Alexandra Wolfe,6,0.005390835579514825,2.154610543371233e-06,0
Darren,Darren,8,0.0071877807726864335,8.934288491774579e-06,0
Kirsty Mackenzie,Kirsty Mackenzie,6,0.005390835579514825,1.0265180231632943e-05,0
Darren lndyke,Darren lndyke,27,0.02425876010781671,0.0004104751694146487,0
Vicky Ward,Vicky Ward,9,0.008086253369272238,3.673610976447951e-05,8
gmax,gmax,3,0.0026954177897574125,0.0,8
Michael S. Sitrick,Michael S. Sitrick,4,0.0035938903863432167,0.0,0
Kristin Andersen,Kristin Andersen,4,0.0035938903863432167,0.0,0
Mike Sitrick,Mike Sitrick,4,0.0035938903863432167,0.0,0
MOMMINNEMUMMIN,MOMMINNEMUMMIN,1,0.0008984725965858042,0.0,0
Eva Dubin,Eva Dubin,5,0.004492362982929021,2.9625894971354445e-06,2
Jean Luc Brunel,Jean Luc Brunel,2,0.0017969451931716084,0.0,4
Landon Thomas,Landon Thomas,4,0.0035938903863432167,0.0008106683694246009,8
Landon Thomas Jr.,Landon Thomas Jr.,20,0.017969451931716084,0.0011123638632413297,8
max,max,2,0.0017969451931716084,0.0,0
Bill Siegel,Bill Siegel,5,0.004492362982929021,0.004365510287188039,0
Denis McDhimmi,Denis McDhimmi,2,0.0017969451931716084,0.0,0
Denis McDonough,Denis McDonough,2,0.0017969451931716084,0.0,0
Brian Basham,Brian Basham,8,0.0071877807726864335,4.3092210867424656e-07,0
Gareth Thompson,Gareth Thompson,8,0.0071877807726864335,4.3092210867424656e-07,0
Ian Ian Maxwell,Ian Ian Maxwell,8,0.0071877807726864335,4.3092210867424656e-07,0
J Jep,J Jep,10,0.008984725965858042,1.4543621167755822e-05,0
Kevin Maxwell,Kevin Maxwell,8,0.0071877807726864335,4.3092210867424656e-07,0
Ross Gow,Ross Gow,8,0.0071877807726864335,4.3092210867424656e-07,0
James Green,James Green,4,0.0035938903863432167,0.0,0
Paul Rampell,Paul Rampell,4,0.0035938903863432167,0.0,0
paul prosperi,paul prosperi,4,0.0035938903863432167,0.0,0
Scott Denett,Scott Denett,4,0.0035938903863432167,6.18586382605578e-07,0
Jonathan,Jonathan,1,0.0008984725965858042,0.0,30
Peter Green,Peter Green,1,0.0008984725965858042,0.0,30
Boris Nikoli,Boris Nikoli,2,0.0017969451931716084,0.0,4
Lawrence Krauss,Lawrence Krauss,22,0.019766397124887692,0.003034593984248242,12
Rebecca Watson,Rebecca Watson,2,0.0017969451931716084,0.0,12
Jackie Perczel,Jackie Perczel,1,0.0008984725965858042,0.0,0
Jackie Perczek,Jackie Perczek,5,0.004492362982929021,1.5351600121520034e-06,0
Larry,Larry,37,0.033243486073674756,0.00018813880721623656,1
Sean J. Lancaster,Sean J. Lancaster,1,0.0008984725965858042,0.0,0
Jesse Kornbluth,Jesse Kornbluth,2,0.0017969451931716084,0.0,1
Richard Kahn,Richard Kahn,95,0.0853548966756514,0.0050399017309783875,1
Mark Green,Mark Green,2,0.0017969451931716084,0.0,1
Rich Kahn,Rich Kahn,17,0.015274034141958671,6.514340087833284e-05,0
Sean,Sean,3,0.0026954177897574125,0.0,0
Marshall Heyman,Marshall Heyman,3,0.0026954177897574125,0.0,1
Eric Roth,Eric Roth,5,0.004492362982929021,3.4473768693939725e-06,1
Shawn Lancaster,Shawn Lancaster,3,0.0026954177897574125,0.0,1
Peggy Siega,Peggy Siega,1,0.0008984725965858042,0.0,0
David Kelley,David Kelley,4,0.0035938903863432167,0.0,19
Melanie Walker,Melanie Walker,7,0.006289308176100629,8.887768491406336e-06,19
Stephen Moore,Stephen Moore,4,0.0035938903863432167,0.0,19
Steven Sinofsky,Steven Sinofsky,5,0.004492362982929021,2.4239368612926367e-06,19
Uncle F Jeffrey Epstein,Uncle F Jeffrey Epstein,1,0.0008984725965858042,0.0,0
Jennifer Jacquet,Jennifer Jacquet,1,0.0008984725965858042,0.0,0
Katherine Keating,Katherine Keating,1,0.0008984725965858042,0.0,0
Reid Weingarten,Reid Weingarten,64,0.05750224618149147,0.0013885512691117789,2
Bill Gates,Bill Gates,37,0.033243486073674756,8.160587433018544e-05,4
Bill Joy,Bill Joy,34,0.030548068283917342,0.0,4
Charles Simonyi,Charles Simonyi,34,0.030548068283917342,0.0,4
Craig Venter,Craig Venter,34,0.030548068283917342,0.0,4
Danny Hillis,Danny Hillis,34,0.030548068283917342,0.0,4
Dean Kamen,Dean Kamen,34,0.030548068283917342,0.0,4
Elon Musk,Elon Musk,34,0.030548068283917342,0.0,4
Eric Schmidt,Eric Schmidt,34,0.030548068283917342,0.0,4
Evan Williams,Evan Williams,34,0.030548068283917342,0.0,4
Hubert Burda,Hubert Burda,34,0.030548068283917342,0.0,4
Jacqui Safra,Jacqui Safra,34,0.030548068283917342,0.0,4
Jean Pigozzi,Jean Pigozzi,34,0.030548068283917342,0.0,4
Jeff Bezos,Jeff Bezos,34,0.030548068283917342,0.0,4
Jeff Skoll,Jeff Skoll,34,0.030548068283917342,0.0,4
Jimmy Wales,Jimmy Wales,34,0.030548068283917342,0.0,4
John Doerr,John Doerr,34,0.030548068283917342,0.0,4
Kary Mullis,Kary Mullis,34,0.030548068283917342,0.0,4
Larry Page,Larry Page,34,0.030548068283917342,0.0,4
Maja Hoffman,Maja Hoffman,34,0.030548068283917342,0.0,4
Marissa Mayer,Marissa Mayer,34,0.030548068283917342,0.0,4
Mark Zuckerberg,Mark Zuckerberg,34,0.030548068283917342,0.0,4
Miuccia Prada,Miuccia Prada,34,0.030548068283917342,0.0,4
Nathan Myhrvold,Nathan Myhrvold,34,0.030548068283917342,0.0,4
Nick Pritzker,Nick Pritzker,34,0.030548068283917342,0.0,4
Paul Allen,Paul Allen,34,0.030548068283917342,0.0,4
Pierre Omidyar,Pierre Omidyar,34,0.030548068283917342,0.0,4
Ricardo Salinas Pilego,Ricardo Salinas Pilego,34,0.030548068283917342,0.0,4
Salar Kamangar,Salar Kamangar,34,0.030548068283917342,0.0,4
Sean Parker,Sean Parker,34,0.030548068283917342,0.0,4
Sergey Brin,Sergey Brin,34,0.030548068283917342,0.0,4
Steve Case,Steve Case,34,0.030548068283917342,0.0,4
Tony Fadell,Tony Fadell,34,0.030548068283917342,0.0,4
Vinod Khosla,Vinod Khosla,34,0.030548068283917342,0.0,4
Christina Galbraith,Christina Galbraith,5,0.004492362982929021,3.878298978068219e-06,0
Lawrance Visoski,Lawrance Visoski,2,0.0017969451931716084,0.0,0
Tarek El Sayed,Tarek El Sayed,2,0.0017969451931716084,0.0,0
"Edward B. Reynolds, Jr.","Edward B. Reynolds, Jr.",6,0.005390835579514825,0.0,0
Erika Kellerhals,Erika Kellerhals,7,0.006289308176100629,4.039894768821062e-06,0
Justin Blackhall,Justin Blackhall,6,0.005390835579514825,0.0,0
Robert A. Solomon,Robert A. Solomon,6,0.005390835579514825,0.0,0
William L. Blum,William L. Blum,6,0.005390835579514825,0.0,0
Cecile de Jongh,Cecile de Jongh,3,0.0026954177897574125,0.0,0
Cavan Mahony,Cavan Mahony,5,0.004492362982929021,4.0398947688210616e-07,4
Frau Dichand,Frau Dichand,4,0.0035938903863432167,0.0,4
Manuela Wieland,Manuela Wieland,5,0.004492362982929021,4.0398947688210616e-07,4
Kevin Frost,Kevin Frost,5,0.004492362982929021,0.0,4
Kevin Robert Frost,Kevin Robert Frost,5,0.004492362982929021,0.0,4
Magdalena Schuster,Magdalena Schuster,5,0.004492362982929021,0.0,4
Eva Pichand,Eva Pichand,4,0.0035938903863432167,0.0,4
Boris Nikolicil,Boris Nikolicil,5,0.004492362982929021,0.0,4
Christina,Christina,3,0.0026954177897574125,0.0,0
Marlene Edme,Marlene Edme,3,0.0026954177897574125,0.0,0
Charles Stevenson,Charles Stevenson,2,0.0017969451931716084,0.0,1
John Connolly,John Connolly,11,0.009883198562443846,0.0054970405654683014,8
Joseph Bernstein,Joseph Bernstein,7,0.006289308176100629,1.6159579075284246e-06,8
Morad Tahbaz,Morad Tahbaz,7,0.006289308176100629,1.6159579075284246e-06,8
RALPH BERNSTEIN,RALPH BERNSTEIN,5,0.004492362982929021,0.0,8
ed thompson,ed thompson,5,0.004492362982929021,0.0,8
Ed Thompson,Ed Thompson,5,0.004492362982929021,0.0,8
Ralph Bernstein,Ralph Bernstein,5,0.004492362982929021,0.0,8
Barbro C Ehnbom,Barbro C Ehnbom,9,0.008086253369272238,1.373564221399161e-05,16
Cecilia Schott,Cecilia Schott,2,0.0017969451931716084,0.0,16
Goldsamt,Goldsamt,6,0.005390835579514825,0.0,16
Jeff Kriendler,Jeff Kriendler,6,0.005390835579514825,0.0,16
Marcus,Marcus,6,0.005390835579514825,0.0,16
Sofia,Sofia,6,0.005390835579514825,0.0,16
the prince,the prince,6,0.005390835579514825,0.0,16
Barbro Ehnbom,Barbro Ehnbom,3,0.0026954177897574125,0.0,16
Cecilia Schött,Cecilia Schött,3,0.0026954177897574125,0.0,16
Dave Hope,Dave Hope,2,0.0017969451931716084,0.0,3
Dou Hope,Dou Hope,2,0.0017969451931716084,0.0,3
Warren Eisenstein,Warren Eisenstein,14,0.012578616352201259,0.0034937009960764524,3
Esneh,Esneh,2,0.0017969451931716084,0.0,0
Sultan Bin Sulayerr,Sultan Bin Sulayerr,2,0.0017969451931716084,0.0,0
Craig Jacoby,Craig Jacoby,10,0.008984725965858042,0.0,0
Dave Morin,Dave Morin,10,0.008984725965858042,0.0,0
Drew Houston,Drew Houston,10,0.008984725965858042,0.0,0
Eike,Eike,10,0.008984725965858042,0.0,0
Hosain Rahman,Hosain Rahman,10,0.008984725965858042,0.0,0
Ian Osborne,Ian Osborne,12,0.01078167115902965,1.3008461155603816e-05,0
Marissa,Marissa,10,0.008984725965858042,0.0,0
Peter Thiel,Peter Thiel,14,0.012578616352201259,3.378506282382641e-05,0
Reid Hoffman,Reid Hoffman,11,0.009883198562443846,9.076296913951317e-06,0
Francis Derby,Francis Derby,8,0.0071877807726864335,0.0,1
Januiz Banasiak,Januiz Banasiak,9,0.008086253369272238,2.0199473844105308e-07,1
Louella Rabuyo,Louella Rabuyo,9,0.008086253369272238,2.0199473844105308e-07,1
Richard Barnnet,Richard Barnnet,9,0.008086253369272238,2.0199473844105308e-07,1
Francis,Francis,8,0.0071877807726864335,0.0,1
Auren Hoffman,Auren Hoffman,6,0.005390835579514825,2.154610543371233e-06,0
Chamath Palihapitiya,Chamath Palihapitiya,4,0.0035938903863432167,0.0,0
Fouad,Fouad,4,0.0035938903863432167,0.0,0
Lisa Randall,Lisa Randall,4,0.0035938903863432167,0.0,0
Jan Loeys,Jan Loeys,5,0.004492362982929021,0.0,21
John Normand,John Normand,5,0.004492362982929021,0.0,21
Leo Evans,Leo Evans,5,0.004492362982929021,0.0,21
Matthew Lehmann,Matthew Lehmann,5,0.004492362982929021,0.0,21
Nikolaos Panigirtzoglou,Nikolaos Panigirtzoglou,5,0.004492362982929021,0.0,21
Seamus Mac Gorain,Seamus Mac Gorain,5,0.004492362982929021,0.0,21
Gwendolyn,Gwendolyn,1,0.0008984725965858042,0.0,0
Mohamed Waheed Hassan,Mohamed Waheed Hassan,2,0.0017969451931716084,0.0,0
Mohamed Waheed,Mohamed Waheed,2,0.0017969451931716084,0.0,0
Nadia,Nadia,1,0.0008984725965858042,0.0,0
Charlotte Abrams,Charlotte Abrams,2,0.0017969451931716084,0.0,0
Jamie Glazov,Jamie Glazov,3,0.0026954177897574125,0.0008718092911115851,0
Larry Summers,Larry Summers,62,0.055705300988319856,0.0036087160011502397,0
Larry Summers_______________________,Larry Summers_______________________,1,0.0008984725965858042,0.0,0
Aaron David Miller,Aaron David Miller,23,0.020664869721473494,0.0,11
Benjamin Netanyahu,Benjamin Netanyahu,23,0.020664869721473494,0.0,11
Chuck Hagel,Chuck Hagel,23,0.020664869721473494,0.0,11
Daniel Gavron,Daniel Gavron,23,0.020664869721473494,0.0,11
Dennis Ross,Dennis Ross,23,0.020664869721473494,0.0,11
Dov Seidman,Dov Seidman,23,0.020664869721473494,0.0,11
Elliott Abrams,Elliott Abrams,23,0.020664869721473494,0.0,11
Gurcharan Das,Gurcharan Das,23,0.020664869721473494,0.0,11
Isaac Molho,Isaac Molho,23,0.020664869721473494,0.0,11
James Baker,James Baker,23,0.020664869721473494,0.0,11
Jeremy Ben-Ami,Jeremy Ben-Ami,23,0.020664869721473494,0.0,11
John F. Kerry,John F. Kerry,23,0.020664869721473494,0.0,11
Mahmoud Abbas,Mahmoud Abbas,23,0.020664869721473494,0.0,11
President Barack Obama,President Barack Obama,23,0.020664869721473494,0.0,11
Richard L. Russell,Richard L. Russell,23,0.020664869721473494,0.0,11
Robert B. Zoellick,Robert B. Zoellick,23,0.020664869721473494,0.0,11
Robert Dreyfuss,Robert Dreyfuss,23,0.020664869721473494,0.0,11
Saeb Erekat,Saeb Erekat,23,0.020664869721473494,0.0,11
Scott Wilson,Scott Wilson,23,0.020664869721473494,0.0,11
Shashi Tharoor,Shashi Tharoor,23,0.020664869721473494,0.0,11
Thomas L. Friedman,Thomas L. Friedman,23,0.020664869721473494,0.0,11
Yasir Arafat,Yasir Arafat,23,0.020664869721473494,0.0,11
Peggy,Peggy,2,0.0017969451931716084,0.0,1
Peggy SiegalliM1111.1.1,Peggy SiegalliM1111.1.1,1,0.0008984725965858042,0.0,1
Skip Rimer,Skip Rimer,1,0.0008984725965858042,0.0,0
Blanche Christerson,Blanche Christerson,2,0.0017969451931716084,0.0,23
Paul Morris,Paul Morris,5,0.004492362982929021,2.4239368612926367e-06,23
Shaher,Shaher,1,0.0008984725965858042,0.0,0
Darren Rigger,Darren Rigger,5,0.004492362982929021,0.0,1
Lisa Rossi,Lisa Rossi,5,0.004492362982929021,0.0,1
Michael Scotto,Michael Scotto,5,0.004492362982929021,0.0,1
Walter Swett,Walter Swett,5,0.004492362982929021,0.0,1
Debbie Fein,Debbie Fein,10,0.008984725965858042,2.9164192712060614e-06,0
Tonja Haddad Coleman,Tonja Haddad Coleman,14,0.012578616352201259,0.0014652514293052995,0
Glen Miller,Glen Miller,7,0.006289308176100629,6.463831630113699e-07,13
Lawrence Richman,Lawrence Richman,5,0.004492362982929021,0.0,13
Marshall E. Eisenberg,Marshall E. Eisenberg,7,0.006289308176100629,6.463831630113699e-07,13
Monice M. Kaczorowski,Monice M. Kaczorowski,7,0.006289308176100629,6.463831630113699e-07,13
Emily Heil,Emily Heil,6,0.005390835579514825,0.0,13
Lawrence I. Richman,Lawrence I. Richman,6,0.005390835579514825,0.0,13
Alex Gray,Alex Gray,7,0.006289308176100629,2.693263179214041e-07,20
Belle Cheves,Belle Cheves,7,0.006289308176100629,2.693263179214041e-07,20
Fabrice Aidan,Fabrice Aidan,7,0.006289308176100629,2.693263179214041e-07,20
Melissa Mahle,Melissa Mahle,6,0.005390835579514825,0.0,20
Stephen A. Seche,Stephen A. Seche,7,0.006289308176100629,2.693263179214041e-07,20
Timothy Dixon,Timothy Dixon,7,0.006289308176100629,2.693263179214041e-07,20
Mahle Melissa,Mahle Melissa,6,0.005390835579514825,0.0,20
Bob,Bob,12,0.01078167115902965,0.0,3
Bridges Hague,Bridges Hague,12,0.01078167115902965,0.0,3
Ed Hammer,Ed Hammer,12,0.01078167115902965,0.0,3
Janet Kafka,Janet Kafka,60,0.05390835579514825,0.005968064721627899,3
Jeffery Edwards,Jeffery Edwards,14,0.012578616352201259,0.0034937009960764524,3
Joe Nordgaardly Kafka,Joe Nordgaardly Kafka,12,0.01078167115902965,0.0,3
Joel Dunn,Joel Dunn,44,0.039532794249775384,0.005570664761990936,3
John Stepek,John Stepek,12,0.01078167115902965,0.0,3
Mark Albert,Mark Albert,12,0.01078167115902965,0.0,3
Mark L. Epstein,Mark L. Epstein,17,0.015274034141958671,0.005382809655240768,3
Nicholas Gahhos,Nicholas Gahhos,12,0.01078167115902965,0.0,3
Terry Kafka,Terry Kafka,60,0.05390835579514825,0.005978164458549952,3
John Pinette,John Pinette,3,0.0026954177897574125,0.0,4
Ehud Barak,Ehud Barak,4,0.0035938903863432167,2.4239368612926367e-06,0
Laurie Cameron,Laurie Cameron,1,0.0008984725965858042,0.0,0
ehud barak,ehud barak,2,0.0017969451931716084,0.0,0
FT Breaking News,FT Breaking News,2,0.0017969451931716084,0.0,0
Lisa New,Lisa New,7,0.006289308176100629,9.965073763091952e-06,0
Liz Hartley,Liz Hartley,10,0.008984725965858042,2.9164192712060614e-06,0
Nick Py111.11M,Nick Py111.11M,6,0.005390835579514825,0.0,0
Sharon Churcher,Sharon Churcher,10,0.008984725965858042,2.9164192712060614e-06,0
Nick Pyke,Nick Pyke,9,0.008086253369272238,1.7313834723518836e-06,0
Fred Haddad,Fred Haddad,9,0.008086253369272238,1.7313834723518836e-06,0
Darren Indyk,Darren Indyk,8,0.0071877807726864335,0.0,0
Torla Haddad Coleman,Torla Haddad Coleman,8,0.0071877807726864335,0.0,0
Olivier COLOM,Olivier COLOM,1,0.0008984725965858042,0.0,0
Vinit Sahni,Vinit Sahni,4,0.0035938903863432167,0.0,23
Brad Bowen,Brad Bowen,20,0.017969451931716084,3.102639182454575e-05,3
Fred Simon,Fred Simon,6,0.005390835579514825,0.0,3
Michael S. Buchholtz,Michael S. Buchholtz,6,0.005390835579514825,0.0,3
Ralph Simon,Ralph Simon,6,0.005390835579514825,0.0,3
Steven Sinofsk,Steven Sinofsk,1,0.0008984725965858042,0.0,0
Andrew Farkas,Andrew Farkas,7,0.006289308176100629,5.117200040506677e-06,0
Andrew Friendly,Andrew Friendly,7,0.006289308176100629,1.2119684306463184e-06,0
Cecile,Cecile,6,0.005390835579514825,0.0,0
Jermain,Jermain,6,0.005390835579514825,0.0,0
Kelly Friendly,Kelly Friendly,10,0.008984725965858042,1.9153589976177193e-05,0
Bryan Subotnick,Bryan Subotnick,2,0.0017969451931716084,0.0,29
Stuart Subotnick,Stuart Subotnick,2,0.0017969451931716084,0.0,29
Tyler Shears,Tyler Shears,4,0.0035938903863432167,6.463831630113699e-07,0
Melanie SpineIla,Melanie SpineIla,6,0.005390835579514825,4.309221086742466e-06,1
Nay Gupta,Nay Gupta,4,0.0035938903863432167,0.0,23
Tazia Smith,Tazia Smith,4,0.0035938903863432167,0.0,23
Bella Klein,Bella Klein,6,0.005390835579514825,0.0,1
Ed Boyden,Ed Boyden,6,0.005390835579514825,0.0,1
Jojo Fontanilla,Jojo Fontanilla,6,0.005390835579514825,0.0,1
Lyn Fontanilla,Lyn Fontanilla,6,0.005390835579514825,0.0,1
Neil Gershenfeld,Neil Gershenfeld,6,0.005390835579514825,0.0,1
Google Alerts,Google Alerts,6,0.005390835579514825,2.7968673967524165e-05,0
soon yi previ,soon yi previ,1,0.0008984725965858042,0.0,0
Mariana Idikowska,Mariana Idikowska,1,0.0008984725965858042,0.0,0
Donald Trump,Donald Trump,27,0.02425876010781671,2.772592021947257e-05,0
Gi Feather,Gi Feather,4,0.0035938903863432167,0.0,0
Lesley,Lesley,4,0.0035938903863432167,0.0,0
Joi Ito,Joi Ito,7,0.006289308176100629,9.426421127249144e-06,0
Guy Amico,Guy Amico,7,0.006289308176100629,1.2119684306463184e-06,0
JR Stambaugh,JR Stambaugh,6,0.005390835579514825,0.0,0
Larry Visoski,Larry Visoski,38,0.034141958670260555,0.0003657978211489039,0
Lvje,Lvje,6,0.005390835579514825,0.0,0
Lvjet,Lvjet,8,0.0071877807726864335,3.9052316098603586e-06,0
Scott Stambaugh,Scott Stambaugh,6,0.005390835579514825,0.0,0
Scott Stambau JR Stambaugh,Scott Stambau JR Stambaugh,4,0.0035938903863432167,0.0,0
Kathy Ruemmler,Kathy Ruemmler,125,0.11230907457322552,0.0074705035411824355,0
Michael Wolff,Michael Wolff,22,0.019766397124887692,0.00018955850826742258,0
Lawrence Summers,Lawrence Summers,5,0.004492362982929021,6.7331579480351016e-06,0
The Washington Post,The Washington Post,4,0.0035938903863432167,2.962589497135445e-06,0
Nedra Pickier,Nedra Pickier,2,0.0017969451931716084,0.0,0
Nil Priell Barak,Nil Priell Barak,1,0.0008984725965858042,0.0,0
Josh Gerstein,Josh Gerstein,3,0.0026954177897574125,0.0,0
Martin G Weinberg,Martin G Weinberg,5,0.004492362982929021,1.0773052716856164e-06,0
Lilly Ann Sanchez,Lilly Ann Sanchez,20,0.017969451931716084,9.896184299270072e-06,0
David Ster,David Ster,1,0.0008984725965858042,0.0,0
Jamie Rosenwald,Jamie Rosenwald,2,0.0017969451931716084,0.0,0
Lawrence H. Summers,Lawrence H. Summers,4,0.0035938903863432167,2.6317028779748624e-06,0
G Maxwell,G Maxwell,8,0.0071877807726864335,1.2119684306463185e-05,0
Philip Barden,Philip Barden,4,0.0035938903863432167,0.0,0
Daniel Sabba I,Daniel Sabba I,2,0.0017969451931716084,0.0,24
Prateek Jain,Prateek Jain,5,0.004492362982929021,2.4239368612926367e-06,24
Dershowitz,Dershowitz,4,0.0035938903863432167,0.0,0
Ross,Ross,4,0.0035938903863432167,0.0,0
Larry Cohen,Larry Cohen,2,0.0017969451931716084,0.0,4
Jean Luc Brune,Jean Luc Brune,1,0.0008984725965858042,0.0,0
David Stern,David Stern,1,0.0008984725965858042,0.0,0
Lachlan Cartwright,Lachlan Cartwright,4,0.0035938903863432167,0.0,0
Patricia Gonzalez,Patricia Gonzalez,4,0.0035938903863432167,0.0,0
David Pegg,David Pegg,4,0.0035938903863432167,2.693263179214041e-07,0
Martin G. Weinberg,Martin G. Weinberg,40,0.03593890386343217,0.0003170535886500483,0
Adriana Ross,Adriana Ross,25,0.022461814914645106,0.0,0
Alex Campbell,Alex Campbell,25,0.022461814914645106,0.0,0
Bill Richardson,Bill Richardson,25,0.022461814914645106,0.0,0
Bradley Edwards,Bradley Edwards,35,0.031446540880503145,0.00011019133608528402,0
David Copperfield,David Copperfield,25,0.022461814914645106,0.0,0
Doug Band,Doug Band,25,0.022461814914645106,0.0,0
Ira Magaziner,Ira Magaziner,25,0.022461814914645106,0.0,0
Jack Scarola,Jack Scarola,43,0.03863432165318958,0.00020043278469057864,0
Ken Bensinger,Ken Bensinger,25,0.022461814914645106,0.0,0
Kyle Blaine,Kyle Blaine,25,0.022461814914645106,0.0,0
Megan Apper,Megan Apper,25,0.022461814914645106,0.0,0
Naomi Campbell,Naomi Campbell,25,0.022461814914645106,0.0,0
Paul Cassell,Paul Cassell,43,0.03863432165318958,0.00020043278469057864,0
Rodney Slater,Rodney Slater,25,0.022461814914645106,0.0,0
Sarah Kellen,Sarah Kellen,25,0.022461814914645106,0.0,0
Scott Rothstein,Scott Rothstein,25,0.022461814914645106,0.0,0
Tommy Mottola,Tommy Mottola,25,0.022461814914645106,0.0,0
Virginia Roberts,Virginia Roberts,28,0.025157232704402517,2.8180411744180683e-05,0
Chauntae Davies,Chauntae Davies,25,0.022461814914645106,0.0,0
Carolyn Cohen,Carolyn Cohen,5,0.004492362982929021,0.0,0
Martin El,Martin El,5,0.004492362982929021,0.0,0
John Sullivan,John Sullivan,5,0.004492362982929021,0.0,0
Eric H. Roth,Eric H. Roth,3,0.0026954177897574125,0.0,1
Elizabeth Lee Sample,Elizabeth Lee Sample,6,0.005390835579514825,0.0017452345401306987,22
Elizabeth Sample,Elizabeth Sample,3,0.0026954177897574125,0.0,22
Fitz Corr,Fitz Corr,6,0.005390835579514825,0.0017452345401306987,22
Norman D. Rau MMIIM,Norman D. Rau MMIIM,3,0.0026954177897574125,0.0,22
Karlie Jamison,Karlie Jamison,4,0.0035938903863432167,0.0,22
Norman D. Rau W,Norman D. Rau W,4,0.0035938903863432167,0.0,22
Alex Yablon,Alex Yablon,2,0.0017969451931716084,0.0,0
Ariane Dwyer,Ariane Dwyer,4,0.0035938903863432167,0.0,24
Daniel Sabba,Daniel Sabba,4,0.0035938903863432167,0.0,24
Vahe Stepanian,Vahe Stepanian,4,0.0035938903863432167,0.0,24
James E. Hill,James E. Hill,7,0.006289308176100629,1.6736706899401539e-06,0
Hill James E.,Hill James E.,6,0.005390835579514825,0.0,0
James Hill,James Hill,6,0.005390835579514825,0.0,0
Cathy Alexander,Cathy Alexander,7,0.006289308176100629,2.693263179214041e-07,0
Miles Alexander,Miles Alexander,9,0.008086253369272238,5.89125087370157e-06,0
dkiesq,dkiesq,7,0.006289308176100629,2.693263179214041e-07,0
Martin Weinber,Martin Weinber,6,0.005390835579514825,0.0,0
Joichi Ito,Joichi Ito,8,0.0071877807726864335,1.1850357988541781e-05,0
Brandon Thompson,Brandon Thompson,2,0.0017969451931716084,0.0,1
ACT for America,ACT for America,37,0.033243486073674756,1.4364070289141552e-06,3
Adj Kearsarge,Adj Kearsarge,37,0.033243486073674756,1.4364070289141552e-06,3
Allen West,Allen West,37,0.033243486073674756,1.4364070289141552e-06,3
Bennet Greenwald,Bennet Greenwald,34,0.030548068283917342,0.0,3
Bennett Schmidt,Bennett Schmidt,37,0.033243486073674756,1.4364070289141552e-06,3
Dennis Prager,Dennis Prager,34,0.030548068283917342,0.0,3
Forrest Miller,Forrest Miller,37,0.033243486073674756,1.4364070289141552e-06,3
Gary Gross,Gary Gross,37,0.033243486073674756,1.4364070289141552e-06,3
Grant Seeger,Grant Seeger,37,0.033243486073674756,1.4364070289141552e-06,3
Henry Hortenstine,Henry Hortenstine,37,0.033243486073674756,1.4364070289141552e-06,3
Herb Goodman,Herb Goodman,37,0.033243486073674756,1.4364070289141552e-06,3
House,House,34,0.030548068283917342,0.0,3
James Ramsey,James Ramsey,37,0.033243486073674756,1.4364070289141552e-06,3
John Zouzelka,John Zouzelka,37,0.033243486073674756,1.4364070289141552e-06,3
Lisa Albert,Lisa Albert,34,0.030548068283917342,0.0,3
Marcie Brown,Marcie Brown,37,0.033243486073674756,1.4364070289141552e-06,3
Mark Epstein,Mark Epstein,37,0.033243486073674756,1.4364070289141552e-06,3
Marshall Funk,Marshall Funk,37,0.033243486073674756,1.4364070289141552e-06,3
Michael Horowitz,Michael Horowitz,34,0.030548068283917342,0.0,3
Michael Pis,Michael Pis,37,0.033243486073674756,1.4364070289141552e-06,3
Michael Stechel Buchholtz,Michael Stechel Buchholtz,34,0.030548068283917342,0.0,3
Mike Cohen,Mike Cohen,37,0.033243486073674756,1.4364070289141552e-06,3
Nate McClain,Nate McClain,34,0.030548068283917342,0.0,3
Nate White,Nate White,37,0.033243486073674756,1.4364070289141552e-06,3
Neil Anderson,Neil Anderson,37,0.033243486073674756,1.4364070289141552e-06,3
Philip Kafka,Philip Kafka,50,0.04492362982929021,0.0001944625790831845,3
Rafael Bardaji,Rafael Bardaji,37,0.033243486073674756,1.4364070289141552e-06,3
Rita Hortenstine,Rita Hortenstine,37,0.033243486073674756,1.4364070289141552e-06,3
Taal Safdie,Taal Safdie,37,0.033243486073674756,1.4364070289141552e-06,3
Uri Fouzailov,Uri Fouzailov,37,0.033243486073674756,1.4364070289141552e-06,3
Val Sherman,Val Sherman,37,0.033243486073674756,1.4364070289141552e-06,3
Ate McClain,Ate McClain,29,0.026055705300988323,0.0,3
Michael Horowitz Buchholtz,Michael Horowitz Buchholtz,29,0.026055705300988323,0.0,3
Michael Stechel,Michael Stechel,29,0.026055705300988323,0.0,3
Peter Attia,Peter Attia,1,0.0008984725965858042,0.0,0
Noam Chomsky,Noam Chomsky,4,0.0035938903863432167,6.3740561908065645e-06,0
Linda Stone,Linda Stone,1,0.0008984725965858042,0.0,0
Jonathan Farkas,Jonathan Farkas,2,0.0017969451931716084,0.0,0
Indyke Darren K.,Indyke Darren K.,2,0.0017969451931716084,0.0,0
Darren K. Indyke,Darren K. Indyke,7,0.006289308176100629,1.5605536364131644e-05,0
G G,G G,4,0.0035938903863432167,0.0,0
Brad Wechsler,Brad Wechsler,39,0.03504043126684636,0.00014996461329925138,1
Richard Joshi,Richard Joshi,3,0.0026954177897574125,0.0,1
Elisa New,Elisa New,3,0.0026954177897574125,0.0,0
Lisa Ne,Lisa Ne,1,0.0008984725965858042,0.0,0
Landon Thomas Jr,Landon Thomas Jr,4,0.0035938903863432167,5.386526358428082e-07,8
lauren petrella,lauren petrella,3,0.0026954177897574125,0.0,8
Leah Reis-Dennis,Leah Reis-Dennis,3,0.0026954177897574125,0.0,0
Soon Yi Previn,Soon Yi Previn,3,0.0026954177897574125,0.0,0
Thomas Jr. Landon,Thomas Jr. Landon,3,0.0026954177897574125,0.0,8
Ed,Ed,1,0.0008984725965858042,0.0,0
Alex Gelinas,Alex Gelinas,25,0.022461814914645106,2.1493296351766952e-06,10
Daniel G. Viola,Daniel G. Viola,25,0.022461814914645106,2.1493296351766952e-06,10
Danielle Epstein-Day,Danielle Epstein-Day,25,0.022461814914645106,2.1493296351766952e-06,10
Douglas Hirsch,Douglas Hirsch,25,0.022461814914645106,2.1493296351766952e-06,10
Erika Winkler,Erika Winkler,25,0.022461814914645106,2.1493296351766952e-06,10
Jamie Kim,Jamie Kim,19,0.017070979335130278,0.0,10
Jeffrey Goldberg,Jeffrey Goldberg,25,0.022461814914645106,2.1493296351766952e-06,10
Jennifer Rossan,Jennifer Rossan,25,0.022461814914645106,2.1493296351766952e-06,10
John Araneo,John Araneo,22,0.019766397124887692,7.39327147235227e-07,10
Lance Friedler,Lance Friedler,19,0.017070979335130278,0.0,10
Mitchell Taras,Mitchell Taras,25,0.022461814914645106,2.1493296351766952e-06,10
Paul Fasciano,Paul Fasciano,25,0.022461814914645106,2.1493296351766952e-06,10
Ron S. Geffner,Ron S. Geffner,25,0.022461814914645106,2.1493296351766952e-06,10
Sam Lieberman,Sam Lieberman,25,0.022461814914645106,2.1493296351766952e-06,10
Steven Etkind,Steven Etkind,25,0.022461814914645106,2.1493296351766952e-06,10
Steven Nuttier,Steven Nuttier,23,0.020664869721473494,1.0192152815457058e-06,10
Yehuda Braunstein,Yehuda Braunstein,25,0.022461814914645106,2.1493296351766952e-06,10
Yelena Maltser,Yelena Maltser,25,0.022461814914645106,2.1493296351766952e-06,10
ANN BAISE,ANN BAISE,6,0.005390835579514825,0.0,0
Florence Anthony,Florence Anthony,6,0.005390835579514825,0.0,0
Gary H. BaisallillW,Gary H. BaisallillW,6,0.005390835579514825,0.0,0
steven hoffenberg,steven hoffenberg,13,0.011680143755615454,1.6967558029048458e-05,0
Nicholas Ribis,Nicholas Ribis,3,0.0026954177897574125,8.079789537642123e-07,0
Matthew Mosk,Matthew Mosk,5,0.004492362982929021,0.0,0
Matthew Mask,Matthew Mask,5,0.004492362982929021,0.0,0
Alan Fraade,Alan Fraade,10,0.008984725965858042,9.587152769388333e-06,0
Brad Edwards,Brad Edwards,29,0.026055705300988323,9.881011346848824e-05,0
Gary H. Baise11.11,Gary H. Baise11.11,6,0.005390835579514825,0.0,0
Steven J. Hoffenberg,Steven J. Hoffenberg,10,0.008984725965858042,9.77654534054697e-06,0
INW,INW,2,0.0017969451931716084,0.0,1
Joichi (Joi) Ito,Joichi (Joi) Ito,4,0.0035938903863432167,0.0,0
Jennie Enterprise,Jennie Enterprise,2,0.0017969451931716084,0.0,0
Stephen J. Immelt,Stephen J. Immelt,3,0.0026954177897574125,0.00031998614540936366,0
"Immelt, Stephen J.","Immelt, Stephen J.",2,0.0017969451931716084,0.0,0
Stephen Alexander,Stephen Alexander,1,0.0008984725965858042,0.0,0
Al Eckert,Al Eckert,16,0.014375561545372867,8.079789537642122e-07,3
Blake,Blake,16,0.014375561545372867,8.079789537642122e-07,3
Coy E. Garrett,Coy E. Garrett,16,0.014375561545372867,8.079789537642122e-07,3
Danny Shurden,Danny Shurden,16,0.014375561545372867,8.079789537642122e-07,3
Henry Peek,Henry Peek,14,0.012578616352201259,0.0,3
Kenny Shirley,Kenny Shirley,16,0.014375561545372867,8.079789537642122e-07,3
Kevin McIntosh,Kevin McIntosh,16,0.014375561545372867,8.079789537642122e-07,3
Realblondes,Realblondes,16,0.014375561545372867,8.079789537642122e-07,3
Ryan McIntosh,Ryan McIntosh,16,0.014375561545372867,8.079789537642122e-07,3
Terry B. Kafka,Terry B. Kafka,14,0.012578616352201259,0.0,3
Terry Kafk,Terry Kafk,14,0.012578616352201259,0.0,3
Henry Pea,Henry Pea,13,0.011680143755615454,0.0,3
Tom Barrack,Tom Barrack,5,0.004492362982929021,3.1164902502333903e-06,0
Tom Barrack Private,Tom Barrack Private,1,0.0008984725965858042,0.0,0
Bob Crowe,Bob Crowe,8,0.0071877807726864335,9.695747445170548e-07,17
El Hadji Amadou Sall,El Hadji Amadou Sall,8,0.0071877807726864335,9.695747445170548e-07,17
Mohamed Seydou Diagne,Mohamed Seydou Diagne,8,0.0071877807726864335,9.695747445170548e-07,17
Vinoda Basnayake,Vinoda Basnayake,8,0.0071877807726864335,9.695747445170548e-07,17
elisabeth feliho,elisabeth feliho,5,0.004492362982929021,0.0,17
Cheikh Tidiane Sy,Cheikh Tidiane Sy,7,0.006289308176100629,0.0,17
Elisabeth Feliho,Elisabeth Feliho,7,0.006289308176100629,0.0,17
abuulabass,abuulabass,7,0.006289308176100629,0.0,17
Martin Nowak,Martin Nowak,2,0.0017969451931716084,0.0,0
David Ingram,David Ingram,12,0.01078167115902965,9.882410404041615e-06,0
Katie Johnson,Katie Johnson,6,0.005390835579514825,0.0,0
Roy Black,Roy Black,14,0.012578616352201259,2.5455184562400142e-05,0
Moshe Hoffman,Moshe Hoffman,1,0.0008984725965858042,0.0,0
soon yi previn,soon yi previn,2,0.0017969451931716084,0.0,0
Gerald Barton,Gerald Barton,1,0.0008984725965858042,0.0,0
Gwendolyn Beck,Gwendolyn Beck,1,0.0008984725965858042,0.0,0
Steven Hoffenberg,Steven Hoffenberg,16,0.014375561545372867,0.005260561575387628,0
Story,Story,2,0.0017969451931716084,0.0,8
Raafat Alsabbagh,Raafat Alsabbagh,1,0.0008984725965858042,0.0,0
Ada Clapp,Ada Clapp,28,0.025157232704402517,0.0,1
Alan S Halperin,Alan S Halperin,28,0.025157232704402517,0.0,1
Alex,Alex,28,0.025157232704402517,0.0,1
Barry J. Cohen,Barry J. Cohen,36,0.03234501347708895,8.568604000848087e-05,1
Ben,Ben,28,0.025157232704402517,0.0,1
Debra,Debra,28,0.025157232704402517,0.0,1
Diana George,Diana George,28,0.025157232704402517,0.0,1
Eileen Alexandersson,Eileen Alexandersson,28,0.025157232704402517,0.0,1
Heather Gray,Heather Gray,34,0.030548068283917342,4.2203305980070066e-05,1
Joe,Joe,28,0.025157232704402517,0.0,1
Joe Avantario,Joe Avantario,34,0.030548068283917342,4.2203305980070066e-05,1
John Castrucci,John Castrucci,37,0.033243486073674756,9.133996892541659e-05,1
John Murphy,John Murphy,28,0.025157232704402517,0.0,1
Josh,Josh,28,0.025157232704402517,0.0,1
Larry Delson,Larry Delson,34,0.030548068283917342,4.2203305980070066e-05,1
Leon,Leon,33,0.02964959568733154,0.00013768643432297966,1
Melanie Spinella,Melanie Spinella,36,0.03234501347708895,8.568604000848087e-05,1
Ralph Lerner,Ralph Lerner,28,0.025157232704402517,0.0,1
Richard Joslin,Richard Joslin,37,0.033243486073674756,9.133996892541659e-05,1
Rick Bronstein,Rick Bronstein,28,0.025157232704402517,0.0,1
Samantha,Samantha,28,0.025157232704402517,0.0,1
Thomas Turrin,Thomas Turrin,34,0.030548068283917342,4.2203305980070066e-05,1
Tom,Tom,45,0.04043126684636119,0.008580965533204471,5
Victoria,Victoria,28,0.025157232704402517,0.0,1
Wendy Dolman,Wendy Dolman,34,0.030548068283917342,4.2203305980070066e-05,1
Cecilia Steen,Cecilia Steen,1,0.0008984725965858042,0.0,0
Barry Josephson,Barry Josephson,2,0.0017969451931716084,0.0,0
Niall McCarthy,Niall McCarthy,2,0.0017969451931716084,0.0,0
Heather Mann,Heather Mann,2,0.0017969451931716084,0.0,0
Heather Man,Heather Man,2,0.0017969451931716084,0.0,0
Thorbjon JagIan,Thorbjon JagIan,1,0.0008984725965858042,0.0,0
Thorbjon Jaglan,Thorbjon Jaglan,2,0.0017969451931716084,0.0,0
Thorbjon Jagland,Thorbjon Jagland,2,0.0017969451931716084,0.0,0
Bruce Moskowitz,Bruce Moskowitz,2,0.0017969451931716084,0.0,0
David L. Hayes,David L. Hayes,2,0.0017969451931716084,0.0,0
Gerald B. Lefcourt,Gerald B. Lefcourt,4,0.0035938903863432167,0.0,0
Malia McLaughlin Zimmerman,Malia McLaughlin Zimmerman,4,0.0035938903863432167,0.0,0
Terry KafkaMill,Terry KafkaMill,1,0.0008984725965858042,0.0,0
Micha Miller,Micha Miller,4,0.0035938903863432167,0.0,0
Michael C. Miller,Michael C. Miller,4,0.0035938903863432167,0.0,0
Bennet J. Moskowitz,Bennet J. Moskowitz,7,0.006289308176100629,1.0773052716856164e-06,0
Gary H. Baise,Gary H. Baise,7,0.006289308176100629,1.0773052716856164e-06,0
Deepak Chopra,Deepak Chopra,5,0.004492362982929021,1.0773052716856164e-06,6
Conchita Sarnoff,Conchita Sarnoff,6,0.005390835579514825,0.0,0
Martin Feinberg,Martin Feinberg,6,0.005390835579514825,0.0,0
Marty Feinberg,Marty Feinberg,6,0.005390835579514825,0.0,0
Roger Stone,Roger Stone,6,0.005390835579514825,0.0,0
Joscha Bach,Joscha Bach,2,0.0017969451931716084,0.0,0
Roger,Roger,4,0.0035938903863432167,0.0,0
Joscha Bachl,Joscha Bachl,2,0.0017969451931716084,0.0,0
David Mann,David Mann,16,0.014375561545372867,4.972178177010537e-07,2
Erin Billings,Erin Billings,16,0.014375561545372867,4.972178177010537e-07,2
Jason Weinstein,Jason Weinstein,16,0.014375561545372867,4.972178177010537e-07,2
Katelyn Wohlford,Katelyn Wohlford,16,0.014375561545372867,4.972178177010537e-07,2
Kathryn King,Kathryn King,16,0.014375561545372867,4.972178177010537e-07,2
Michael Keough,Michael Keough,16,0.014375561545372867,4.972178177010537e-07,2
Michael Miller,Michael Miller,25,0.022461814914645106,0.003616944556667807,2
Osman Oz.,Osman Oz.,16,0.014375561545372867,4.972178177010537e-07,2
Remzi Kulen,Remzi Kulen,16,0.014375561545372867,4.972178177010537e-07,2
Steven Eliopoulos,Steven Eliopoulos,14,0.012578616352201259,0.0,2
Will Bohlen,Will Bohlen,16,0.014375561545372867,4.972178177010537e-07,2
William Drake,William Drake,14,0.012578616352201259,0.0,2
Y. Alp Aslandogan,Y. Alp Aslandogan,16,0.014375561545372867,4.972178177010537e-07,2
"Drake, William","Drake, William",14,0.012578616352201259,0.0,2
"Eliopoulos, Steven","Eliopoulos, Steven",14,0.012578616352201259,0.0,2
Charles,Charles,3,0.0026954177897574125,0.0,0
Michael,Michael,3,0.0026954177897574125,0.0,0
Players2,Players2,3,0.0026954177897574125,0.0,0
Alex Jennings,Alex Jennings,23,0.020664869721473494,2.655636708327962e-06,7
Daniel Schecter,Daniel Schecter,23,0.020664869721473494,2.655636708327962e-06,7
Dean Dunlavey,Dean Dunlavey,23,0.020664869721473494,2.655636708327962e-06,7
Frank Pizzurro,Frank Pizzurro,23,0.020664869721473494,2.655636708327962e-06,7
Greg Robins,Greg Robins,23,0.020664869721473494,2.655636708327962e-06,7
Jamie Wine,Jamie Wine,23,0.020664869721473494,2.655636708327962e-06,7
Jeffrey Greenberg,Jeffrey Greenberg,23,0.020664869721473494,2.655636708327962e-06,7
Nicole Bruno,Nicole Bruno,18,0.016172506738544475,0.0,7
Nicole Harris,Nicole Harris,23,0.020664869721473494,2.655636708327962e-06,7
Nima Mohebbi,Nima Mohebbi,18,0.016172506738544475,0.0,7
Steve Bauer,Steve Bauer,23,0.020664869721473494,2.655636708327962e-06,7
Wendy Moore,Wendy Moore,23,0.020664869721473494,2.655636708327962e-06,7
Andrew Khouri,Andrew Khouri,35,0.031446540880503145,0.00010301731660493707,7
Farooq Bajwa,Farooq Bajwa,23,0.020664869721473494,2.655636708327962e-06,7
Lubna Qassim,Lubna Qassim,40,0.03593890386343217,0.00017892971178788694,7
Phil Hirschkorn,Phil Hirschkorn,23,0.020664869721473494,2.655636708327962e-06,7
William A. Isaacson,William A. Isaacson,23,0.020664869721473494,2.655636708327962e-06,7
David Boies,David Boies,25,0.022461814914645106,0.0034454327030421445,2
Kathryn Ruemmler,Kathryn Ruemmler,20,0.017969451931716084,0.0,7
Larry Scudder,Larry Scudder,20,0.017969451931716084,0.0,7
Mohebbi,Mohebbi,20,0.017969451931716084,0.0,7
Nima,Nima,20,0.017969451931716084,0.0,7
Bauer Steve,Bauer Steve,20,0.017969451931716084,0.0,7
Brearton Chris,Brearton Chris,20,0.017969451931716084,0.0,7
Bruno Nicole,Bruno Nicole,20,0.017969451931716084,0.0,7
Cleaves John,Cleaves John,20,0.017969451931716084,0.0,7
Dunlavey Dean,Dunlavey Dean,20,0.017969451931716084,0.0,7
Fisher Alice,Fisher Alice,20,0.017969451931716084,0.0,7
Greenberg Jeffrey,Greenberg Jeffrey,20,0.017969451931716084,0.0,7
Harris Nicole,Harris Nicole,20,0.017969451931716084,0.0,7
Jennings Alex,Jennings Alex,20,0.017969451931716084,0.0,7
Lee Frank,Lee Frank,20,0.017969451931716084,0.0,7
Mohebbi Nima,Mohebbi Nima,20,0.017969451931716084,0.0,7
Moore Wendy,Moore Wendy,20,0.017969451931716084,0.0,7
Pizzurro Frank,Pizzurro Frank,20,0.017969451931716084,0.0,7
Robins Greg,Robins Greg,20,0.017969451931716084,0.0,7
Schecter Daniel,Schecter Daniel,20,0.017969451931716084,0.0,7
William Isaacson,William Isaacson,20,0.017969451931716084,0.0,7
Wine Jamie,Wine Jamie,20,0.017969451931716084,0.0,7
Charles Michael,Charles Michael,3,0.0026954177897574125,0.0,0
Michael Charles,Michael Charles,3,0.0026954177897574125,0.0,0
Zubair Khan,Zubair Khan,1,0.0008984725965858042,0.0,0
Landor Thomas Jr.,Landor Thomas Jr.,2,0.0017969451931716084,0.0,8
Soon-Yi,Soon-Yi,1,0.0008984725965858042,0.0,0
David Bianco,David Bianco,3,0.0026954177897574125,0.0,1
Stewart Oldfield,Stewart Oldfield,3,0.0026954177897574125,0.0,1
Caroline Lang,Caroline Lang,4,0.0035938903863432167,4.4631218398404115e-06,0
LH,LH,4,0.0035938903863432167,5.386526358428082e-07,0
lhsoffice,lhsoffice,4,0.0035938903863432167,1.6159579075284246e-06,0
LHS,LHS,6,0.005390835579514825,6.194505312192294e-06,0
Ihsofficel,Ihsofficel,3,0.0026954177897574125,0.0,0
"Landon Thomas, Jr.","Landon Thomas, Jr.",2,0.0017969451931716084,0.0,8
Joseph Palazzolo,Joseph Palazzolo,4,0.0035938903863432167,0.0,0
Gianni Serazzi,Gianni Serazzi,1,0.0008984725965858042,0.0,0
Miller Michael,Miller Michael,4,0.0035938903863432167,0.0,0
Palazzolo Joseph,Palazzolo Joseph,4,0.0035938903863432167,0.0,0
Weingarten Reid,Weingarten Reid,4,0.0035938903863432167,0.0,0
Andres Serrano,Andres Serrano,1,0.0008984725965858042,0.0,0
David Schoen,David Schoen,1,0.0008984725965858042,0.0,0
Blake Ellis,Blake Ellis,4,0.0035938903863432167,0.0,0
Melanie Hicken,Melanie Hicken,4,0.0035938903863432167,0.0,0
Alan Dlugash,Alan Dlugash,7,0.006289308176100629,0.0,1
Leon Black,Leon Black,8,0.0071877807726864335,5.655852676349486e-06,1
Tom Turrin,Tom Turrin,7,0.006289308176100629,0.0,1
DARREN K. INDYKE,DARREN K. INDYKE,2,0.0017969451931716084,0.0,0
Peter Atti,Peter Atti,1,0.0008984725965858042,0.0,0
stanpottinger,stanpottinger,2,0.0017969451931716084,0.0,2
Mark Lloyd,Mark Lloyd,1,0.0008984725965858042,0.0,0
Jane Doe,Jane Doe,7,0.006289308176100629,1.3466315896070203e-05,2
Thomas Meagher,Thomas Meagher,6,0.005390835579514825,5.719336737002389e-06,2
Kathy Ruemmlerl,Kathy Ruemmlerl,3,0.0026954177897574125,0.0,2
"Meagher, Thomas","Meagher, Thomas",3,0.0026954177897574125,0.0,2
Jabor Y.,Jabor Y.,1,0.0008984725965858042,0.0,0
ehbarak,ehbarak,1,0.0008984725965858042,0.0,0
Harry Fisch,Harry Fisch,1,0.0008984725965858042,0.0,0
Robert Lawrence Kuhn,Robert Lawrence Kuhn,2,0.0017969451931716084,0.0,1
Governor Kenneth E. Mapp,Governor Kenneth E. Mapp,2,0.0017969451931716084,0.0,0
Renata Bolotova,Renata Bolotova,1,0.0008984725965858042,0.0,0
David Blaine,David Blaine,1,0.0008984725965858042,0.0,0
Ken Starr,Ken Starr,39,0.03504043126684636,0.0009439711485047037,0
Dr Bruce L Dennis,Dr Bruce L Dennis,2,0.0017969451931716084,0.0,8
Jabor Y,Jabor Y,1,0.0008984725965858042,0.0,0
Ariane de Rothschild,Ariane de Rothschild,3,0.0026954177897574125,8.079789537642123e-07,0
Valeria Chomsky,Valeria Chomsky,2,0.0017969451931716084,0.0,0
Ozan Tarman,Ozan Tarman,2,0.0017969451931716084,0.0,8
Nicholas Drinkwater,Nicholas Drinkwater,2,0.0017969451931716084,0.0,8
Amanda Ens,Amanda Ens,13,0.011680143755615454,2.2084758069555135e-05,1
Alain Forget,Alain Forget,5,0.004492362982929021,0.0,2
Benjamin Harnwell,Benjamin Harnwell,9,0.008086253369272238,7.271810583877911e-06,2
Deborah Lubov,Deborah Lubov,5,0.004492362982929021,0.0,2
Mario Fantini,Mario Fantini,5,0.004492362982929021,0.0,2
Steve Bannon,Steve Bannon,43,0.03863432165318958,0.0006791524808647502,2
Linda Pinto,Linda Pinto,1,0.0008984725965858042,0.0,0
Marc LEON,Marc LEON,1,0.0008984725965858042,0.0,0
Marc Kensington,Marc Kensington,1,0.0008984725965858042,0.0,0
Dangene and Jennie Enterprise,Dangene and Jennie Enterprise,3,0.0026954177897574125,8.079789537642123e-07,0
Dangene and Jennie Enterpris,Dangene and Jennie Enterpris,2,0.0017969451931716084,0.0,0
Jean Huguen,Jean Huguen,2,0.0017969451931716084,0.0,1
Jean HUGUEN,Jean HUGUEN,2,0.0017969451931716084,0.0,1
Afri zp,Afri zp,2,0.0017969451931716084,0.0,0
Stephen L Jen,Stephen L Jen,2,0.0017969451931716084,0.0,8
Larry Summer,Larry Summer,2,0.0017969451931716084,0.0,0
Kathy,Kathy,1,0.0008984725965858042,0.0,0
Alireza Ittihadieh,Alireza Ittihadieh,1,0.0008984725965858042,0.0,0
Amand Ens,Amand Ens,2,0.0017969451931716084,0.0,0
Richard Kah,Richard Kah,3,0.0026954177897574125,0.0,1
Joi,Joi,2,0.0017969451931716084,0.0,0
Margaret Slattery,Margaret Slattery,3,0.0026954177897574125,8.079789537642123e-07,0
Daniel Lundquist,Daniel Lundquist,4,0.0035938903863432167,0.0,1
David Fiszel,David Fiszel,2,0.0017969451931716084,0.0,1
Gino Yu,Gino Yu,2,0.0017969451931716084,0.0,0
Paul Schulte,Paul Schulte,2,0.0017969451931716084,0.0,0
Dick Cavett,Dick Cavett,2,0.0017969451931716084,0.0,1
Ken Star,Ken Star,1,0.0008984725965858042,0.0,0
Thanu Cnx,Thanu Cnx,2,0.0017969451931716084,0.0,0
edrobles erobles,edrobles erobles,2,0.0017969451931716084,0.0,0
Paul V Morris,Paul V Morris,1,0.0008984725965858042,0.0,31
Sean T Lehane,Sean T Lehane,1,0.0008984725965858042,0.0,31
Richard Merkin,Richard Merkin,1,0.0008984725965858042,0.0,0
Kathy Ruemmle,Kathy Ruemmle,2,0.0017969451931716084,0.0,0
Ramsey Elkholy,Ramsey Elkholy,1,0.0008984725965858042,0.0,0
Purevsuren Lundeg,Purevsuren Lundeg,1,0.0008984725965858042,0.0,0
Glenn Dubin,Glenn Dubin,1,0.0008984725965858042,0.0,0
Alireza ITTIHADIEH,Alireza ITTIHADIEH,1,0.0008984725965858042,0.0,0
Stephen Alpher,Stephen Alpher,2,0.0017969451931716084,0.0,1
Donald Rubin,Donald Rubin,1,0.0008984725965858042,0.0,0
Robert Kuhn,Robert Kuhn,7,0.006289308176100629,7.271810583877911e-06,1
Robert L. Kuhn,Robert L. Kuhn,2,0.0017969451931716084,0.0,1
Evan Engel,Evan Engel,9,0.008086253369272238,0.0,18
Jamie Glick,Jamie Glick,9,0.008086253369272238,0.0,18
Jamie Zuieback,Jamie Zuieback,9,0.008086253369272238,0.0,18
Kimberly Alexander,Kimberly Alexander,9,0.008086253369272238,0.0,18
Mary Edelman,Mary Edelman,9,0.008086253369272238,0.0,18
Sophia Rosenbaum,Sophia Rosenbaum,9,0.008086253369272238,0.0,18
Stuart Kurlander,Stuart Kurlander,9,0.008086253369272238,0.0,18
Zoe Tillman,Zoe Tillman,9,0.008086253369272238,0.0,18
Melanie,Melanie,2,0.0017969451931716084,0.0,1
Jeremy Rubin,Jeremy Rubin,1,0.0008984725965858042,0.0,0
Robert Trivers,Robert Trivers,40,0.03593890386343217,0.00020044226459417735,6
ji,ji,2,0.0017969451931716084,0.0,6
Barnaby Marsh,Barnaby Marsh,5,0.004492362982929021,1.0773052716856164e-06,6
Larry Visosk,Larry Visosk,2,0.0017969451931716084,0.0,0
James Drougas,James Drougas,3,0.0026954177897574125,0.0,5
Paul Krassner,Paul Krassner,30,0.026954177897574125,0.026032912984758058,5
Jim Drougas,Jim Drougas,3,0.0026954177897574125,0.0,5
AdeR,AdeR,2,0.0017969451931716084,0.0,0
EL HACHEM Johnny,EL HACHEM Johnny,3,0.0026954177897574125,8.079789537642123e-07,0
Johnny el HACHEM,Johnny el HACHEM,2,0.0017969451931716084,0.0,0
Nancy Cain,Nancy Cain,21,0.01886792452830189,0.007805824222680328,5
Etienne Binant,Etienne Binant,5,0.004492362982929021,1.0773052716856164e-06,0
DANNY GOLDBERG,DANNY GOLDBERG,2,0.0017969451931716084,0.0,5
Sam Walli Leff Michael Simmons,Sam Walli Leff Michael Simmons,2,0.0017969451931716084,0.0,5
paul krassner,paul krassner,32,0.028751123090745734,0.019893713694535638,5
Dan Viola,Dan Viola,19,0.017070979335130278,0.0,10
Greg Hartmann,Greg Hartmann,23,0.020664869721473494,1.0192152815457056e-06,10
Steven Huttler,Steven Huttler,19,0.017070979335130278,0.0,10
Lang Caroline,Lang Caroline,4,0.0035938903863432167,0.0,0
Scoop Notifications,Scoop Notifications,2,0.0017969451931716084,0.0,8
Dan Christensen,Dan Christensen,2,0.0017969451931716084,0.0,0
paul krassner I,paul krassner I,2,0.0017969451931716084,0.0,0
HMS-in the News,HMS-in the News,4,0.0035938903863432167,0.0,6
Rudolph E Tanzi,Rudolph E Tanzi,4,0.0035938903863432167,0.0,6
Lawrence M. Krauss,Lawrence M. Krauss,4,0.0035938903863432167,0.0,12
Anil Ambani,Anil Ambani,1,0.0008984725965858042,0.0,0
Juliette Nichols,Juliette Nichols,5,0.004492362982929021,0.0,1
Russell Quelch,Russell Quelch,5,0.004492362982929021,0.0,1
Scott Smith,Scott Smith,5,0.004492362982929021,0.0,1
Dr. Robert Stickgold,Dr. Robert Stickgold,5,0.004492362982929021,0.0,1
Patrick McNamara,Patrick McNamara,5,0.004492362982929021,0.0,1
Peter Getzels,Peter Getzels,5,0.004492362982929021,0.0,1
Joshua Cooper Ramo,Joshua Cooper Ramo,1,0.0008984725965858042,0.0,0
Thorbjpn Jagland,Thorbjpn Jagland,1,0.0008984725965858042,0.0,0
Jabor Y. Inewei,Jabor Y. Inewei,1,0.0008984725965858042,0.0,0
Jonathan Farkailll,Jonathan Farkailll,2,0.0017969451931716084,0.0,0
John McFarlane,John McFarlane,3,0.0026954177897574125,0.0,8
aziza alahmadi,aziza alahmadi,1,0.0008984725965858042,0.0,0
anasalrasheed,anasalrasheed,1,0.0008984725965858042,0.0,0
Ashley Parker,Ashley Parker,3,0.0026954177897574125,0.0,0
Matthew Hiltzik,Matthew Hiltzik,8,0.0071877807726864335,5.954035385476755e-06,0
Andreas Kraus,Andreas Kraus,4,0.0035938903863432167,0.0,27
George Henderson,George Henderson,4,0.0035938903863432167,0.0,27
Richard John Nawrot,Richard John Nawrot,4,0.0035938903863432167,0.0,27
Terje Rod-Larsen,Terje Rod-Larsen,4,0.0035938903863432167,0.0,27
Nicholas Ribi,Nicholas Ribi,2,0.0017969451931716084,0.0,0
Nicholas Rib's,Nicholas Rib's,2,0.0017969451931716084,0.0,0
Robert Gold,Robert Gold,1,0.0008984725965858042,0.0,0
Ben Sosenko,Ben Sosenko,3,0.0026954177897574125,0.0,0
Greg Farrell,Greg Farrell,2,0.0017969451931716084,0.0,2
Denyse Sabagh,Denyse Sabagh,29,0.026055705300988323,9.684204888688207e-06,9
Deputy Lyddy,Deputy Lyddy,12,0.01078167115902965,0.0,9
Ellen Kerns,Ellen Kerns,29,0.026055705300988323,9.684204888688207e-06,9
Ken Adams,Ken Adams,29,0.026055705300988323,9.684204888688207e-06,9
Michael Baxter,Michael Baxter,29,0.026055705300988323,9.684204888688207e-06,9
Mr. Martin,Mr. Martin,12,0.01078167115902965,0.0,9
Mr. Satz,Mr. Satz,12,0.01078167115902965,0.0,9
Patrick M. Regan,Patrick M. Regan,29,0.026055705300988323,9.684204888688207e-06,9
Rich Beckler,Rich Beckler,29,0.026055705300988323,9.684204888688207e-06,9
Robert Barnett,Robert Barnett,29,0.026055705300988323,9.684204888688207e-06,9
Sheriff Chapman,Sheriff Chapman,29,0.026055705300988323,9.684204888688207e-06,9
Avery Gunther,Avery Gunther,26,0.02336028751123091,0.0,9
Bob Martin,Bob Martin,26,0.02336028751123091,0.0,9
Bob Richel,Bob Richel,26,0.02336028751123091,0.0,9
Cathie Skoog,Cathie Skoog,26,0.02336028751123091,0.0,9
Dana Brown,Dana Brown,26,0.02336028751123091,0.0,9
Erik Prince,Erik Prince,26,0.02336028751123091,0.0,9
Grace Nadine McGuire,Grace Nadine McGuire,26,0.02336028751123091,0.0,9
Henry Bud Horton,Henry Bud Horton,26,0.02336028751123091,0.0,9
Jeh Johnson,Jeh Johnson,26,0.02336028751123091,0.0,9
John Gunther,John Gunther,26,0.02336028751123091,0.0,9
Lesley Simms,Lesley Simms,26,0.02336028751123091,0.0,9
Matthew Horton,Matthew Horton,26,0.02336028751123091,0.0,9
Steve Colo,Steve Colo,26,0.02336028751123091,0.0,9
Sue Popovich Horton,Sue Popovich Horton,26,0.02336028751123091,0.0,9
William O. Ritchie,William O. Ritchie,26,0.02336028751123091,0.0,9
Maria T. Zuber,Maria T. Zuber,4,0.0035938903863432167,0.0,0
Paul Schierenbeck,Paul Schierenbeck,4,0.0035938903863432167,0.0,0
Suzanne Pettit,Suzanne Pettit,4,0.0035938903863432167,0.0,0
Jack Lang,Jack Lang,2,0.0017969451931716084,0.0,0
Jack LANG,Jack LANG,3,0.0026954177897574125,0.0,13
Barbro C. Ehnbom,Barbro C. Ehnbom,2,0.0017969451931716084,0.0,0
Edyta Wynberg,Edyta Wynberg,2,0.0017969451931716084,0.0,0
Martin A. Nowak,Martin A. Nowak,2,0.0017969451931716084,0.0,0
Masha Drokova,Masha Drokova,3,0.0026954177897574125,8.079789537642123e-07,0
Edward Epstein,Edward Epstein,1,0.0008984725965858042,0.0,0
Owen Blicksilver,Owen Blicksilver,2,0.0017969451931716084,0.0,8
Stanley Rosenberg,Stanley Rosenberg,1,0.0008984725965858042,0.0,0
Benjamin Broclawski,Benjamin Broclawski,2,0.0017969451931716084,0.0,0
Stephane Queneudec,Stephane Queneudec,2,0.0017969451931716084,0.0,0
Anas Alrasheed,Anas Alrasheed,1,0.0008984725965858042,0.0,0
William McLendon,William McLendon,4,0.0035938903863432167,0.0,0
Barry J. Cohe,Barry J. Cohe,3,0.0026954177897574125,0.0,1
Al Franken,Al Franken,3,0.0026954177897574125,0.0,5
John Rogers,John Rogers,3,0.0026954177897574125,0.0,5
Barry J Cohen,Barry J Cohen,5,0.004492362982929021,0.0,25
Dave Deyoe,Dave Deyoe,5,0.004492362982929021,0.0,25
Joseph Vinciguerra,Joseph Vinciguerra,5,0.004492362982929021,0.0,25
Melanie Spinel!,Melanie Spinel!,5,0.004492362982929021,0.0,25
Ruth Wimer,Ruth Wimer,5,0.004492362982929021,0.0,25
Steven Pfeiffer,Steven Pfeiffer,7,0.006289308176100629,1.2119684306463184e-06,1
Lesley Groffl,Lesley Groffl,2,0.0017969451931716084,0.0,1
Rebecca,Rebecca,4,0.0035938903863432167,0.0,1
Joana Vicente,Joana Vicente,6,0.005390835579514825,0.0,1
Lila Walker,Lila Walker,6,0.005390835579514825,0.0,1
Rebecca Drescher,Rebecca Drescher,6,0.005390835579514825,0.0,1
Lawrence Henry Summers,Lawrence Henry Summers,4,0.0035938903863432167,0.0,0
Jeffrey E. Schwartman,Jeffrey E. Schwartman,1,0.0008984725965858042,0.0,1
Peter Aldhous,Peter Aldhous,15,0.013477088948787063,0.002772877948834376,12
Azeen Ghorayshi,Azeen Ghorayshi,13,0.011680143755615454,0.0010663289280073989,12
Cynthia Jewett,Cynthia Jewett,13,0.011680143755615454,0.0010663289280073989,12
Erin Ellison,Erin Ellison,13,0.011680143755615454,0.0010663289280073989,12
Kiaran Kirk,Kiaran Kirk,13,0.011680143755615454,0.0010663289280073989,12
Nancy Portland I,Nancy Portland I,8,0.0071877807726864335,0.0,12
Susan Nickel-Schindewolf,Susan Nickel-Schindewolf,13,0.011680143755615454,0.0010663289280073989,12
Virginia Hughes,Virginia Hughes,13,0.011680143755615454,0.0010663289280073989,12
Sam Harris,Sam Harris,9,0.008086253369272238,0.0,12
Travis Pangburn,Travis Pangburn,9,0.008086253369272238,0.0,12
Israel Horovitz,Israel Horovitz,3,0.0026954177897574125,0.0,0
Rachel Horovitz,Rachel Horovitz,3,0.0026954177897574125,0.0,0
nancy dahl,nancy dahl,2,0.0017969451931716084,0.0,12
Nancy Portland,Nancy Portland,2,0.0017969451931716084,0.0,12
Matthew Schafe,Matthew Schafe,9,0.008086253369272238,0.0,12
Peter Aldhousl,Peter Aldhousl,9,0.008086253369272238,0.0,12
Brad S Karp,Brad S Karp,2,0.0017969451931716084,0.0,0
Bill Friedler,Bill Friedler,8,0.0071877807726864335,0.0,1
Catherine Barton Rossetti,Catherine Barton Rossetti,8,0.0071877807726864335,0.0,1
Deborah Pechet Quinan,Deborah Pechet Quinan,8,0.0071877807726864335,0.0,1
Deborah Qualia Howe,Deborah Qualia Howe,8,0.0071877807726864335,0.0,1
Jayne Mahoney,Jayne Mahoney,8,0.0071877807726864335,0.0,1
Michele Orchanian,Michele Orchanian,8,0.0071877807726864335,0.0,1
Ruberto Israel & Weiner,Ruberto Israel & Weiner,8,0.0071877807726864335,0.0,1
Stephen Hanso,Stephen Hanso,1,0.0008984725965858042,0.0,0
David Willis,David Willis,1,0.0008984725965858042,0.0,0
Seth Mager,Seth Mager,2,0.0017969451931716084,0.0,0
Deborah Rhode,Deborah Rhode,5,0.004492362982929021,0.0,2
Miriam Rozen,Miriam Rozen,5,0.004492362982929021,0.0,2
Saved by Internet Explorer 11,Saved by Internet Explorer 11,5,0.004492362982929021,0.0,2
Sigrid McCawley,Sigrid McCawley,5,0.004492362982929021,0.0,2
Diane Ziman,Diane Ziman,2,0.0017969451931716084,0.0,0
Philip Levine,Philip Levine,2,0.0017969451931716084,0.0,0
Paul Marino,Paul Marino,20,0.017969451931716084,0.0,10
Richard L. Shamos,Richard L. Shamos,20,0.017969451931716084,0.0,10
Robert Cromwell,Robert Cromwell,20,0.017969451931716084,0.0,10
Paul Barrett,Paul Barrett,3,0.0026954177897574125,0.0,1
Greg,Greg,2,0.0017969451931716084,0.0,1
Sidney Blumenthal,Sidney Blumenthal,2,0.0017969451931716084,0.0,2
Kia Kokalitcheva,Kia Kokalitcheva,2,0.0017969451931716084,0.0,19
LHS Office,LHS Office,2,0.0017969451931716084,0.0,0
Adrienne Ross,Adrienne Ross,9,0.008086253369272238,8.079789537642122e-07,2
Alexander Marlow,Alexander Marlow,8,0.0071877807726864335,0.0,2
Frances Martel,Frances Martel,8,0.0071877807726864335,0.0,2
Oliver Lane,Oliver Lane,9,0.008086253369272238,8.079789537642122e-07,2
Raheem Kassam,Raheem Kassam,9,0.008086253369272238,8.079789537642122e-07,2
Thomas D. Williams,Thomas D. Williams,9,0.008086253369272238,8.079789537642122e-07,2
Alexander Marlow Frances Martel,Alexander Marlow Frances Martel,6,0.005390835579514825,0.0,2
Sean Bannon,Sean Bannon,8,0.0071877807726864335,0.0,2
Cole Mackay,Cole Mackay,7,0.006289308176100629,0.0,1
Hamdy Hamoudi,Hamdy Hamoudi,7,0.006289308176100629,0.0,1
Hootan Yazhari,Hootan Yazhari,7,0.006289308176100629,0.0,1
Marwan,Marwan,7,0.006289308176100629,0.0,1
Talal,Talal,7,0.006289308176100629,0.0,1
Gerry Baker,Gerry Baker,3,0.0026954177897574125,0.0,2
Miro Lajcak,Miro Lajcak,3,0.0026954177897574125,0.0,2
Miro Lacjak,Miro Lacjak,6,0.005390835579514825,0.0,2
Steve Bannor,Steve Bannor,8,0.0071877807726864335,5.98289177668262e-06,2
David Haig,David Haig,6,0.005390835579514825,4.32845868087971e-06,6
Robert Triversi,Robert Triversi,2,0.0017969451931716084,0.0,6
Lajcak Miroslay,Lajcak Miroslay,2,0.0017969451931716084,0.0,0
Miroslav Laj6ak,Miroslav Laj6ak,2,0.0017969451931716084,0.0,0
Tina Brown,Tina Brown,2,0.0017969451931716084,0.0,12
Alan S. Halperin,Alan S. Halperin,17,0.015274034141958671,0.0,1
Brice,Brice,17,0.015274034141958671,0.0,1
Lisa Emelia Svensson,Lisa Emelia Svensson,17,0.015274034141958671,0.0,1
Vanessa Eng,Vanessa Eng,17,0.015274034141958671,0.0,1
Gordon Getty,Gordon Getty,36,0.03234501347708895,7.88991448350754e-05,6
Norman Finkelstein,Norman Finkelstein,5,0.004492362982929021,0.0,6
Alan Rogers,Alan Rogers,33,0.02964959568733154,0.0,6
Alex.Family Pines,Alex.Family Pines,33,0.02964959568733154,0.0,6
Anna Dreber,Anna Dreber,33,0.02964959568733154,0.0,6
Anula Jayasuriya,Anula Jayasuriya,33,0.02964959568733154,0.0,6
Bill Prezant,Bill Prezant,33,0.02964959568733154,0.0,6
Bobby McCormick,Bobby McCormick,33,0.02964959568733154,0.0,6
Clair Brown,Clair Brown,33,0.02964959568733154,0.0,6
Clive Crook,Clive Crook,33,0.02964959568733154,0.0,6
Dane Stangleriliron Bailey,Dane Stangleriliron Bailey,33,0.02964959568733154,0.0,6
David Darst,David Darst,33,0.02964959568733154,0.0,6
Ditsa Pines,Ditsa Pines,33,0.02964959568733154,0.0,6
Evan Smith,Evan Smith,33,0.02964959568733154,0.0,6
Gerry Ohrstrom,Gerry Ohrstrom,33,0.02964959568733154,0.0,6
Halligan,Halligan,33,0.02964959568733154,0.0,6
Jim,Jim,33,0.02964959568733154,0.0,6
John Mallen,John Mallen,33,0.02964959568733154,0.0,6
Lee Silver,Lee Silver,33,0.02964959568733154,0.0,6
Marguerite Atkins,Marguerite Atkins,33,0.02964959568733154,0.0,6
Matt Ridley,Matt Ridley,33,0.02964959568733154,0.0,6
Mike Cagney,Mike Cagney,33,0.02964959568733154,0.0,6
Monika Gruter Cheney,Monika Gruter Cheney,33,0.02964959568733154,0.0,6
Ms. Yvette Robbins,Ms. Yvette Robbins,33,0.02964959568733154,0.0,6
Oliver Goodenough,Oliver Goodenough,33,0.02964959568733154,0.0,6
Paul Romer,Paul Romer,33,0.02964959568733154,0.0,6
Paul Zak,Paul Zak,33,0.02964959568733154,0.0,6
Peter J Richerson,Peter J Richerson,33,0.02964959568733154,0.0,6
Rob Hanson,Rob Hanson,33,0.02964959568733154,0.0,6
Roger Edelen,Roger Edelen,33,0.02964959568733154,0.0,6
Terry Anderson,Terry Anderson,33,0.02964959568733154,0.0,6
Tim Kane,Tim Kane,33,0.02964959568733154,0.0,6
president@usfca.edu,president@usfca.edu,33,0.02964959568733154,0.0,6
Vincenzo lozzo,Vincenzo lozzo,1,0.0008984725965858042,0.0,0
Jide Zeitlin,Jide Zeitlin,2,0.0017969451931716084,0.0,2
Comms Alert,Comms Alert,3,0.0026954177897574125,0.0,2
Jason Miller,Jason Miller,3,0.0026954177897574125,0.0,2
Alexandra Preate,Alexandra Preate,2,0.0017969451931716084,0.0,2
Alfredo Rodriguez,Alfredo Rodriguez,7,0.006289308176100629,0.0,0
Scott J. Link,Scott J. Link,19,0.017070979335130278,1.4898532358149568e-05,0
Uma Sanghvi,Uma Sanghvi,7,0.006289308176100629,0.0,0
Fareed Zakaria GPS,Fareed Zakaria GPS,2,0.0017969451931716084,0.0,0
Andrew M Grossman,Andrew M Grossman,4,0.0035938903863432167,0.0,2
David Rivkin,David Rivkin,5,0.004492362982929021,4.0398947688210616e-07,2
Andrew Grossman,Andrew Grossman,4,0.0035938903863432167,0.0,2
Paul Barred,Paul Barred,3,0.0026954177897574125,0.0,1
Maria Luisa,Maria Luisa,6,0.005390835579514825,8.079789537642123e-07,2
Preate Alexandra,Preate Alexandra,5,0.004492362982929021,0.0,2
Steve Bannon I,Steve Bannon I,6,0.005390835579514825,1.6159579075284244e-06,2
Juleanna Glover,Juleanna Glover,1,0.0008984725965858042,0.0,0
Anders Corr,Anders Corr,3,0.0026954177897574125,0.0,2
Fanell Red,Fanell Red,3,0.0026954177897574125,0.0,2
BS Stern,BS Stern,1,0.0008984725965858042,0.0,0
Peter Thomas Roth,Peter Thomas Roth,1,0.0008984725965858042,0.0,0
Matt Williams,Matt Williams,5,0.004492362982929021,2.092458316158601e-06,0
Tracie Morrissey,Tracie Morrissey,3,0.0026954177897574125,0.0,0
Brian Heberlig,Brian Heberlig,3,0.0026954177897574125,0.0,2
Nicholas Silverman,Nicholas Silverman,3,0.0026954177897574125,0.0,2
Tim Zagat,Tim Zagat,1,0.0008984725965858042,0.0,0
Dan Fleuette,Dan Fleuette,3,0.0026954177897574125,0.0,2
Sean Banno,Sean Banno,3,0.0026954177897574125,0.0,2
Jakob Kollhofer,Jakob Kollhofer,5,0.004492362982929021,2.6932631792140406e-06,12
Lawrence Kraus,Lawrence Kraus,3,0.0026954177897574125,0.0,12
Michael Braun,Michael Braun,5,0.004492362982929021,2.6932631792140406e-06,12
Neal Kassel,Neal Kassel,2,0.0017969451931716084,0.0,19
Neal Kassell,Neal Kassell,3,0.0026954177897574125,0.0,19
Eric Maskin,Eric Maskin,1,0.0008984725965858042,0.0,0
Maskin Eric,Maskin Eric,2,0.0017969451931716084,0.0,0
Aaron Blake,Aaron Blake,10,0.008984725965858042,0.0,15
Aziza,Aziza,10,0.008984725965858042,0.0,15
Bob Woodward,Bob Woodward,10,0.008984725965858042,0.0,15
Evelyn Duffy,Evelyn Duffy,10,0.008984725965858042,0.0,15
Hope Hicks,Hope Hicks,10,0.008984725965858042,0.0,15
Jens Stoltenberg,Jens Stoltenberg,10,0.008984725965858042,0.0,15
Kellyanne Conway,Kellyanne Conway,10,0.008984725965858042,0.0,15
President Trump,President Trump,10,0.008984725965858042,0.0,15
Raj Shah,Raj Shah,10,0.008984725965858042,0.0,15
Senator Lindsey Graham,Senator Lindsey Graham,10,0.008984725965858042,0.0,15
Tom Jacques,Tom Jacques,3,0.0026954177897574125,0.0,13
Reii Weingarten,Reii Weingarten,1,0.0008984725965858042,0.0,0
A Barrett,A Barrett,2,0.0017969451931716084,0.0,0
Anthony,Anthony,2,0.0017969451931716084,0.0,0
J,J,40,0.03593890386343217,0.005631661612376411,0
MARK TRAMO,MARK TRAMO,1,0.0008984725965858042,0.0,0
Andrew Dubinsky,Andrew Dubinsky,8,0.0071877807726864335,0.0,1
Brett Nelson,Brett Nelson,8,0.0071877807726864335,0.0,1
Judie Taylor,Judie Taylor,8,0.0071877807726864335,0.0,1
Mary Rich,Mary Rich,8,0.0071877807726864335,0.0,1
Maziar Minovi,Maziar Minovi,8,0.0071877807726864335,0.0,1
Michael Murdoch,Michael Murdoch,8,0.0071877807726864335,0.0,1
Sharmin Mossavar-Rahmani,Sharmin Mossavar-Rahmani,8,0.0071877807726864335,0.0,1
Jordan Fabian,Jordan Fabian,2,0.0017969451931716084,0.0,0
Edward Rod Larsen,Edward Rod Larsen,1,0.0008984725965858042,0.0,0
Keyu Jin,Keyu Jin,2,0.0017969451931716084,0.0,0
Adam Klasfeld,Adam Klasfeld,2,0.0017969451931716084,0.0,0
Scott J. Lin,Scott J. Lin,2,0.0017969451931716084,0.0,0
The Daily Beast: PM Cheat Sheet,The Daily Beast: PM Cheat Sheet,2,0.0017969451931716084,0.0,5
The Daily Beast: AM Cheat Sheet,The Daily Beast: AM Cheat Sheet,3,0.0026954177897574125,0.0,5
Robert Grusky,Robert Grusky,2,0.0017969451931716084,0.0,2
Renata B,Renata B,1,0.0008984725965858042,0.0,0
Caryl Ratner,Caryl Ratner,3,0.0026954177897574125,0.0,5
Danny Goldberg,Danny Goldberg,5,0.004492362982929021,3.153899971755659e-05,5
Kevin Bright I,Kevin Bright I,3,0.0026954177897574125,0.0,5
Jack Browning,Jack Browning,8,0.0071877807726864335,0.0,0
Kimberly Homan,Kimberly Homan,8,0.0071877807726864335,0.0,0
Robert Balin,Robert Balin,8,0.0071877807726864335,0.0,0
David Mitchell,David Mitchell,1,0.0008984725965858042,0.0,0
Barb Cowles,Barb Cowles,17,0.015274034141958671,0.0,5
Bob Fass,Bob Fass,17,0.015274034141958671,0.0,5
Daniel Dawson,Daniel Dawson,27,0.02425876010781671,0.00013306569425555642,5
Danny Goldberg Caryl Ratner,Danny Goldberg Caryl Ratner,17,0.015274034141958671,0.0,5
George Krassner,George Krassner,31,0.027852650494159928,0.0002543485406822135,5
Holly Krassner Dawson,Holly Krassner Dawson,17,0.015274034141958671,0.0,5
Kevin Bright,Kevin Bright,28,0.025157232704402517,0.00016644292008367322,5
Lee Quarnstrom,Lee Quarnstrom,27,0.02425876010781671,0.00013306569425555642,5
Linda W. Grossman,Linda W. Grossman,22,0.019766397124887692,9.36068991090647e-05,5
Lonnie Martin,Lonnie Martin,17,0.015274034141958671,0.0,5
Lynnie Tofte Fass,Lynnie Tofte Fass,17,0.015274034141958671,0.0,5
Marie Moneysmith,Marie Moneysmith,17,0.015274034141958671,0.0,5
Michael Simmons,Michael Simmons,27,0.02425876010781671,0.00013306569425555642,5
Samuel Leff,Samuel Leff,17,0.015274034141958671,0.0,5
Steven Gaydos,Steven Gaydos,20,0.017969451931716084,0.00011672143427655463,5
Reid I Weingarten,Reid I Weingarten,1,0.0008984725965858042,0.0,0
Danny,Danny,14,0.012578616352201259,0.0,5
Daryl Cagle,Daryl Cagle,14,0.012578616352201259,0.0,5
Harry Shearer,Harry Shearer,14,0.012578616352201259,0.0,5
Howard Schultz,Howard Schultz,14,0.012578616352201259,0.0,5
Jay Levin,Jay Levin,14,0.012578616352201259,0.0,5
Lanny Swerdlow,Lanny Swerdlow,14,0.012578616352201259,0.0,5
Larry Sloman,Larry Sloman,14,0.012578616352201259,0.0,5
Tom Goldberg,Tom Goldberg,14,0.012578616352201259,0.0,5
Walli Leff,Walli Leff,14,0.012578616352201259,0.0,5
Lilly Sanchez,Lilly Sanchez,22,0.019766397124887692,1.3838411282471288e-05,0
Ariana Fajardo Orshan,Ariana Fajardo Orshan,20,0.017969451931716084,4.367332318768956e-06,0
Byung J. Pak,Byung J. Pak,20,0.017969451931716084,4.367332318768956e-06,0
Emily Michot,Emily Michot,20,0.017969451931716084,4.367332318768956e-06,0
Alexander Acosta,Alexander Acosta,17,0.015274034141958671,1.0122623959899703e-06,0
Julie K. Brown,Julie K. Brown,17,0.015274034141958671,1.0122623959899703e-06,0
Kenneth A. Marra,Kenneth A. Marra,14,0.012578616352201259,0.0,0
Ben Sasse,Ben Sasse,15,0.013477088948787063,0.0,0
Debbie Wasserman Schultz,Debbie Wasserman Schultz,15,0.013477088948787063,0.0,0
DAVID SCHOEN,DAVID SCHOEN,1,0.0008984725965858042,0.0,0
DeMilked,DeMilked,2,0.0017969451931716084,0.0,3
Terry,Terry,2,0.0017969451931716084,0.0,3
Ann Coulter,Ann Coulter,3,0.0026954177897574125,4.972178177010537e-07,5
Andrew Lourie,Andrew Lourie,12,0.01078167115902965,0.0,0
Deborah Dale Pucillo,Deborah Dale Pucillo,12,0.01078167115902965,0.0,0
Jonathan Biran,Jonathan Biran,12,0.01078167115902965,0.0,0
Patrick Hunt,Patrick Hunt,12,0.01078167115902965,0.0,0
Sarah Huckabee Sanders,Sarah Huckabee Sanders,12,0.01078167115902965,0.0,0
Bill Palmer,Bill Palmer,1,0.0008984725965858042,0.0,5
Nicholas Rib,Nicholas Rib,1,0.0008984725965858042,0.0,0
Matt Wilstein,Matt Wilstein,3,0.0026954177897574125,0.0,5
Sarah Silverman,Sarah Silverman,3,0.0026954177897574125,0.0,5
jeevacation,jeevacation,1,0.0008984725965858042,0.0,32
live:linkspirit,live:linkspirit,1,0.0008984725965858042,0.0,32
Eleanora Kennedy,Eleanora Kennedy,8,0.0071877807726864335,0.0,2
Jim Patterson,Jim Patterson,8,0.0071877807726864335,0.0,2
Joe Berlinger,Joe Berlinger,8,0.0071877807726864335,0.0,2
Lisa Bryant,Lisa Bryant,8,0.0071877807726864335,0.0,2
Tim Malloy,Tim Malloy,8,0.0071877807726864335,0.0,2
Timothy Jones,Timothy Jones,8,0.0071877807726864335,0.0,2
The Sidney Hillman Foundation,The Sidney Hillman Foundation,3,0.0026954177897574125,0.0,0
Merwin Dela cruz,Merwin Dela cruz,2,0.0017969451931716084,0.0,1
Mrisman02,Mrisman02,7,0.006289308176100629,8.210474605869468e-06,5
Nick Kazan,Nick Kazan,5,0.004492362982929021,0.0,5
Rebecca Risman,Rebecca Risman,7,0.006289308176100629,8.210474605869468e-06,5
nick kazan,nick kazan,5,0.004492362982929021,0.0,5
Kate Briquelet,Kate Briquelet,4,0.0035938903863432167,0.0,0
Darren Indyke___________________________________,Darren Indyke___________________________________,4,0.0035938903863432167,0.0,0
Michael Wolffl,Michael Wolffl,2,0.0017969451931716084,0.0,0
Andrew Atlas,Andrew Atlas,3,0.0026954177897574125,0.0,1
Morgan Stanley,Morgan Stanley,3,0.0026954177897574125,0.0,1
Mitchell Bard,Mitchell Bard,1,0.0008984725965858042,0.0,0
How To Academy,How To Academy,1,0.0008984725965858042,0.0,0
Intelligence Squared,Intelligence Squared,1,0.0008984725965858042,0.0,0
Jonathan Farkasiiii,Jonathan Farkasiiii,1,0.0008984725965858042,0.0,0
